{
  "10": {
    "Logistic Regression": {
      "accuracy": 0.8548387096774194,
      "precision": 0.2857142857142857,
      "recall": 0.3333333333333333,
      "f1": 0.3076923076923077,
      "roc_auc": 0.9166666666666666
    },
    "Random Forest": {
      "accuracy": 0.9193548387096774,
      "precision": 1.0,
      "recall": 0.16666666666666666,
      "f1": 0.2857142857142857,
      "roc_auc": 0.9404761904761905
    },
    "Gradient Boosting": {
      "accuracy": 0.9193548387096774,
      "precision": 1.0,
      "recall": 0.16666666666666666,
      "f1": 0.2857142857142857,
      "roc_auc": 0.9062499999999999
    },
    "SVM (RBF)": {
      "accuracy": 0.9032258064516129,
      "precision": 0.5,
      "recall": 0.3333333333333333,
      "f1": 0.4,
      "roc_auc": 0.9375
    }
  },
  "20": {
    "Logistic Regression": {
      "accuracy": 0.923728813559322,
      "precision": 0.3333333333333333,
      "recall": 0.5,
      "f1": 0.4,
      "roc_auc": 0.8973214285714286
    },
    "Random Forest": {
      "accuracy": 0.9576271186440678,
      "precision": 1.0,
      "recall": 0.16666666666666666,
      "f1": 0.2857142857142857,
      "roc_auc": 0.9598214285714286
    },
    "Gradient Boosting": {
      "accuracy": 0.9661016949152542,
      "precision": 1.0,
      "recall": 0.3333333333333333,
      "f1": 0.5,
      "roc_auc": 0.9851190476190477
    },
    "SVM (RBF)": {
      "accuracy": 0.9576271186440678,
      "precision": 0.6666666666666666,
      "recall": 0.3333333333333333,
      "f1": 0.4444444444444444,
      "roc_auc": 0.9330357142857143
    }
  },
  "50": {
    "Logistic Regression": {
      "accuracy": 0.958041958041958,
      "precision": 0.2,
      "recall": 0.3333333333333333,
      "f1": 0.25,
      "roc_auc": 0.9363095238095238
    },
    "Random Forest": {
      "accuracy": 0.9790209790209791,
      "precision": 0.0,
      "recall": 0.0,
      "f1": 0.0,
      "roc_auc": 0.9294642857142857
    },
    "Gradient Boosting": {
      "accuracy": 0.9755244755244755,
      "precision": 0.0,
      "recall": 0.0,
      "f1": 0.0,
      "roc_auc": 0.9357142857142857
    },
    "SVM (RBF)": {
      "accuracy": 0.972027972027972,
      "precision": 0.25,
      "recall": 0.16666666666666666,
      "f1": 0.2,
      "roc_auc": 0.8869047619047619
    }
  },
  "100": {
    "Logistic Regression": {
      "accuracy": 0.9646643109540636,
      "precision": 0.15,
      "recall": 0.5,
      "f1": 0.23076923076923078,
      "roc_auc": 0.9136904761904763
    },
    "Random Forest": {
      "accuracy": 0.9893992932862191,
      "precision": 0.0,
      "recall": 0.0,
      "f1": 0.0,
      "roc_auc": 0.8794642857142858
    },
    "Gradient Boosting": {
      "accuracy": 0.9858657243816255,
      "precision": 0.25,
      "recall": 0.16666666666666666,
      "f1": 0.2,
      "roc_auc": 0.8699404761904762
    },
    "SVM (RBF)": {
      "accuracy": 0.980565371024735,
      "precision": 0.14285714285714285,
      "recall": 0.16666666666666666,
      "f1": 0.15384615384615385,
      "roc_auc": 0.8529761904761904
    }
  },
  "200": {
    "Logistic Regression": {
      "accuracy": 0.9449378330373002,
      "precision": 0.04838709677419355,
      "recall": 0.5,
      "f1": 0.08823529411764706,
      "roc_auc": 0.9525297619047619
    },
    "Random Forest": {
      "accuracy": 0.9946714031971581,
      "precision": 0.0,
      "recall": 0.0,
      "f1": 0.0,
      "roc_auc": 0.963392857142857
    },
    "Gradient Boosting": {
      "accuracy": 0.9920071047957372,
      "precision": 0.0,
      "recall": 0.0,
      "f1": 0.0,
      "roc_auc": 0.8738839285714285
    },
    "SVM (RBF)": {
      "accuracy": 0.9937833037300178,
      "precision": 0.3333333333333333,
      "recall": 0.16666666666666666,
      "f1": 0.2222222222222222,
      "roc_auc": 0.9160714285714286
    }
  },
  "500": {
    "Logistic Regression": {
      "accuracy": 0.9536707056307911,
      "precision": 0.030303030303030304,
      "recall": 0.6666666666666666,
      "f1": 0.057971014492753624,
      "roc_auc": 0.9549404761904762
    },
    "Random Forest": {
      "accuracy": 0.9978617248752673,
      "precision": 0.0,
      "recall": 0.0,
      "f1": 0.0,
      "roc_auc": 0.8844047619047619
    },
    "Gradient Boosting": {
      "accuracy": 0.9978617248752673,
      "precision": 0.5,
      "recall": 0.3333333333333333,
      "f1": 0.4,
      "roc_auc": 0.9698511904761904
    },
    "SVM (RBF)": {
      "accuracy": 0.0021382751247327157,
      "precision": 0.0021382751247327157,
      "recall": 1.0,
      "f1": 0.004267425320056899,
      "roc_auc": 0.03214285714285714
    }
  }
}